INSERT INTO `artists` (`artist_id`, `artist_name`, `genre`, `debut_year`) VALUES
(11, 'Martin Garrix', 'Progressive House', '2012'),
(12, 'Zedd', 'Electro House', '2010'),
(13, 'Mesto', 'Future House', '2014'),
(14, 'Vluarr', 'Progressive House', '2020'),
(15, 'Brooks', 'Future House', '2015'),
(16, 'Julian Jordan', 'Electro House', '2011'),
(17, 'Blinders', 'Electro House', '2013'),
(18, 'DubVision', 'Progressive House', '2010'),
(19, 'Justin Mylo', 'Future House', '2015'),
(20, 'Shaun Farrugia', 'Pop', '2020'),
(21, 'Coldplay', 'Alternative Rock', '1996'),
(22, 'Dua Lipa', 'pop', '2015');

INSERT INTO `albums` (`album_id`, `album_title`, `release_date`, `artist_id`) VALUES
(5, 'Sentio', '2022-04-29', 11),
(6, 'A Head Full of Dreams', '2015-12-04', 21),
(7, 'Future Nostalgia', '2020-03-27', 22);

INSERT INTO `songs` (`song_id`, `song_title`, `solo_flag`, `song_length`, `release_date`) VALUES
(41, 'Follow', 'N', '03:12', '2022-03-25'),
(42, 'Limitless', 'N', '03:04', '2022-04-01'),
(43, 'Reboot', 'N', '03:08', '2022-04-08'),
(44, 'Quantum', 'N', '03:04', '2022-04-15'),
(45, 'Goodbye', 'N', '02:56', '2022-04-22'),
(46, 'Aurora', 'N', '03:00', '2022-04-29'),
(47, 'Oxygen', 'N', '03:10', '2022-04-29'),
(48, 'Starlight (Keep Me Afloat)', 'N', '03:02', '2022-04-29'),
(49, 'Funk', 'N', '02:54', '2022-04-29'),
(50, 'Find You', 'N', '03:06', '2022-04-29'),
(51, 'If We\'ll Ever Be Remembered', 'N', '03:15', '2022-04-29'),
(52, 'A Head Full of Dreams', 'N', '4', '2015-12-04'),
(53, 'Birds', 'N', '4', '2015-12-04'),
(54, 'Hymn for the Weekend', 'N', '4', '2015-12-04'),
(55, 'Everglow', 'N', '4', '2015-12-04'),
(56, 'Adventure of a Lifetime', 'N', '4', '2015-12-04'),
(57, 'Fun', 'N', '4', '2015-12-04'),
(58, 'Army of One', 'N', '4', '2015-12-04'),
(59, 'Amazing Day', 'N', '4', '2015-12-04'),
(60, 'Kaleidoscope', 'N', '4', '2015-12-04'),
(61, 'Up&Up', 'N', '4', '2015-12-04'),
(62, 'Future Nostalgia', '1', '3:05', '2020-03-27'),
(63, 'Don’t Start Now', '1', '3:03', '2019-11-01'),
(64, 'Cool', '1', '2:59', '2020-03-27'),
(65, 'Physical', '1', '3:13', '2020-01-31'),
(66, 'Levitating', '1', '3:23', '2020-10-02'),
(67, 'Pretty Please', '1', '3:12', '2020-03-27'),
(68, 'Hallucinate', '1', '3:28', '2020-07-10'),
(69, 'Love Again', '1', '4:17', '2020-07-10'),
(70, 'Break My Heart', '1', '3:41', '2020-03-27'),
(71, 'Good in Bed', '1', '3:06', '2020-03-27');

INSERT INTO `album_songs` (`album_id`, `song_id`) VALUES
(5, 41),
(5, 42),
(5, 43),
(5, 44),
(5, 45),
(5, 46),
(5, 47),
(5, 48),
(5, 49),
(5, 50),
(5, 51),
(6, 52),
(6, 53),
(6, 54),
(6, 55),
(6, 56),
(6, 57),
(6, 58),
(6, 59),
(6, 60),
(6, 61),
(7, 62),
(7, 63),
(7, 64),
(7, 65),
(7, 66),
(7, 67),
(7, 68),
(7, 69),
(7, 70),
(7, 71);

INSERT INTO `concerts` (`concert_id`, `name`, `date`, `location`) VALUES
(5, 'Lollapalloza', '2025-03-08', 'O2 Arena, London'),
(6, 'A Head Full of Dreams Tour', '2016-03-15', 'Wembley Stadium, London'),
(7, 'Future Nostalgia Tour London', '2024-01-15', 'London, UK');

INSERT INTO `concert_artists` (`concert_id`, `artist_id`) VALUES
(5, 11),
(5, 12),
(5, 13),
(5, 14),
(5, 15),
(5, 16),
(5, 17),
(6, 21),
(7, 22);

INSERT INTO `concert_songs` (`concert_id`, `song_id`, `order_performance`) VALUES
(5, 41, 1),
(5, 42, 2),
(5, 43, 3),
(5, 44, 4),
(5, 45, 5),
(5, 46, 6),
(5, 47, 7),
(5, 48, 8),
(5, 49, 9),
(5, 50, 10),
(5, 51, 11),
(6, 52, 1),
(6, 53, 2),
(6, 54, 3),
(6, 55, 4),
(6, 56, 5),
(6, 57, 6),
(6, 58, 7),
(6, 59, 8),
(6, 60, 9),
(6, 61, 10),
(7, 62, 1),
(7, 63, 2),
(7, 64, 3),
(7, 65, 4),
(7, 66, 5);

INSERT INTO `fans` (`fan_id`, `fan_name`, `email`, `age`) VALUES
(1, 'Alice Johnson', 'alice.johnson@gmail.com', 25),
(2, 'Bob Smith', 'bobsmith@yahoo.com', 30),
(3, 'Charlie Brown', 'charlieb@outlook.com', 22),
(4, 'Diana Green', 'dianagreen@icloud.com', 27),
(5, 'Ethan White', 'ethanwhite@gmail.com', 35),
(6, 'Fiona Black', 'fiona.black@yahoo.com', 28),
(7, 'George Davis', 'george.davis@gmail.com', 33),
(8, 'Hannah Lee', 'hannah.lee@outlook.com', 24),
(9, 'Ian Carter', 'iancarter@gmail.com', 29),
(10, 'Julia Roberts', 'julia.roberts@ymail.com', 26),
(11, 'Priya Sharma', 'priya.coldplay@gmail.com', 28),
(12, 'Rahul Patel', 'rahul.coldplay@yahoo.com', 35),
(13, 'Anjali Desai', 'anjali.coldplay@outlook.com', 22),
(14, 'Arjun Mehta', 'arjun.coldplay@icloud.com', 30),
(15, 'Neha Singh', 'neha.coldplay@gmail.com', 26),
(16, 'Vikram Kumar', 'vikram.coldplay@gmail.com', 32),
(17, 'Shreya Gupta', 'shreya.coldplay@yahoo.com', 25),
(18, 'Rohan Bose', 'rohan.coldplay@outlook.com', 29),
(19, 'Divya Iyer', 'divya.coldplay@icloud.com', 24),
(20, 'Sanjay Reddy', 'sanjay.coldplay@gmail.com', 33),
(21, 'Liam Scott', 'liam.scott@example.com', 32),
(22, 'Mia Adams', 'mia.adams@example.com', 27),
(23, 'Noah Baker', 'noah.baker@example.com', 33),
(24, 'Olivia Clark', 'olivia.clark@example.com', 29),
(25, 'Parker Evans', 'parker.evans@example.com', 26),
(26, 'Quinn Foster', 'quinn.foster@example.com', 31),
(27, 'Riley Gray', 'riley.gray@example.com', 24),
(28, 'Sophia Hall', 'sophia.hall@example.com', 28),
(29, 'Tyler Jackson', 'tyler.jackson@example.com', 30),
(30, 'Ursula King', 'ursula.king@example.com', 34);

INSERT INTO `fan_favorites` (`fan_id`, `artist_id`) VALUES
(1, 11),
(1, 12),
(1, 13),
(2, 14),
(2, 15),
(2, 16),
(3, 17),
(3, 18),
(3, 19),
(4, 11),
(4, 12),
(4, 20),
(5, 13),
(5, 14),
(5, 15),
(6, 16),
(6, 17),
(6, 18),
(7, 11),
(7, 19),
(7, 20),
(8, 12),
(8, 13),
(8, 14),
(9, 15),
(9, 16),
(9, 17),
(10, 18),
(10, 19),
(10, 20),
(11, 21),
(12, 21),
(13, 21),
(14, 21),
(15, 21),
(16, 21),
(17, 21),
(18, 21),
(19, 21),
(20, 21),
(22, 22),
(23, 22),
(24, 22);

INSERT INTO `seating` (`seat_number`, `seat_zone`, `price`) VALUES
('A1', 'Zone 1', 50),
('A2', 'Zone 1', 50),
('A3', 'Zone 1', 50),
('A4', 'Zone 1', 50),
('A5', 'Zone 1', 50),
('B1', 'Zone 2', 70),
('B2', 'Zone 2', 70),
('B3', 'Zone 2', 70),
('B4', 'Zone 2', 70),
('B5', 'Zone 2', 70),
('C1', 'Zone 3', 90),
('C2', 'Zone 3', 90),
('C3', 'Zone 3', 90),
('C4', 'Zone 3', 90),
('C5', 'Zone 3', 90),
('D1', 'Zone 4', 100),
('D2', 'Zone 4', 100),
('D3', 'Zone 4', 100),
('D4', 'Zone 4', 100),
('D5', 'Zone 4', 100),
('E1', 'Zone 5', 120),
('E2', 'Zone 5', 120),
('E3', 'Zone 5', 120),
('E4', 'Zone 5', 120),
('E5', 'Zone 5', 120),
('F1', 'Zone 6', 135),
('F2', 'Zone 6', 135),
('F3', 'Zone 6', 135),
('F4', 'Zone 6', 135),
('F5', 'Zone 6', 135),
('G1', 'Zone 7', 150),
('G2', 'Zone 7', 150),
('G3', 'Zone 7', 150),
('G4', 'Zone 7', 150),
('G5', 'Zone 7', 150),
('H1', 'Zone 8', 200),
('H2', 'Zone 8', 200),
('H3', 'Zone 8', 200),
('H4', 'Zone 8', 200),
('H5', 'Zone 8', 200),
('I1', 'Zone 9', 300),
('I2', 'Zone 9', 300),
('I3', 'Zone 9', 300),
('I4', 'Zone 9', 300),
('I5', 'Zone 9', 300),
('J1', 'Zone 10', 500),
('J2', 'Zone 10', 500),
('J3', 'Zone 10', 500),
('J4', 'Zone 10', 500),
('J5', 'Zone 10', 500),
('K1', 'VIP', 350),
('K2', 'VIP', 350),
('K3', 'VIP', 350),
('K4', 'VIP', 350),
('K5', 'VIP', 350),
('L1', 'Premium', 250),
('L2', 'Premium', 250),
('L3', 'Premium', 250),
('L4', 'Premium', 250),
('L5', 'Premium', 250),
('M1', 'Standard', 150),
('M2', 'Standard', 150),
('M3', 'Standard', 150),
('M4', 'Standard', 150),
('M5', 'Standard', 150),
('N1', 'VIP', 400),
('N2', 'VIP', 400),
('N3', 'VIP', 400),
('N4', 'VIP', 400),
('N5', 'VIP', 400);


INSERT INTO `song_artists` (`artist_id`, `song_id`) VALUES
(11, 41),
(11, 42),
(11, 43),
(11, 44),
(11, 45),
(11, 46),
(11, 47),
(11, 48),
(11, 49),
(11, 50),
(11, 51),
(12, 41),
(13, 42),
(14, 43),
(15, 44),
(16, 45),
(16, 49),
(17, 46),
(18, 47),
(18, 48),
(19, 50),
(20, 51),
(21, 52),
(21, 53),
(21, 54),
(21, 55),
(21, 56),
(21, 57),
(21, 58),
(21, 59),
(21, 60),
(21, 61),
(22, 62),
(22, 63),
(22, 64),
(22, 65),
(22, 66);


INSERT INTO `tickets` (`ticket_id`, `fan_id`, `concert_id`, `Shared_Ticket_flag`, `seat_number`, `purchase_date`) VALUES
(1, 1, 5, 'N', 'E3', '2024-11-01'),
(2, 2, 5, 'N', 'E4', '2024-11-02'),
(3, 3, 5, 'Y', 'A3', '2024-11-03'),
(3, 4, 5, 'Y', 'A4', '2024-11-03'),
(4, 5, 5, 'N', 'E5', '2024-11-04'),
(5, 6, 5, 'N', 'F1', '2024-11-05'),
(6, 7, 5, 'Y', 'B2', '2024-11-06'),
(6, 8, 5, 'Y', 'B3', '2024-11-06'),
(7, 9, 5, 'N', 'F2', '2024-11-07'),
(8, 10, 5, 'N', 'F3', '2024-11-08'),
(9, 1, 5, 'Y', 'C1', '2024-11-09'),
(9, 2, 5, 'Y', 'C2', '2024-11-09'),
(10, 3, 5, 'N', 'F4', '2024-11-10'),
(11, 4, 5, 'N', 'F5', '2024-11-11'),
(12, 5, 5, 'Y', 'D1', '2024-11-12'),
(12, 6, 5, 'Y', 'D4', '2024-11-12'),
(13, 7, 5, 'N', 'G1', '2024-11-13'),
(14, 8, 5, 'N', 'G2', '2024-11-14'),
(15, 9, 5, 'Y', 'E1', '2024-11-15'),
(15, 10, 5, 'Y', 'E2', '2024-11-15'),
(16, 11, 6, 'N', 'K1', '2024-11-16'),
(17, 12, 6, 'Y', 'K2', '2024-11-17'),
(17, 13, 6, 'Y', 'K3', '2024-11-17'),
(18, 14, 6, 'N', 'K4', '2024-11-18'),
(19, 15, 6, 'N', 'K5', '2024-11-19'),
(20, 17, 6, 'Y', 'L2', '2024-11-20'),
(20, 21, 7, 'N', 'M1', '2024-10-01'),
(21, 18, 6, 'N', 'L3', '2024-11-21'),
(21, 22, 7, 'N', 'M2', '2024-10-01'),
(22, 19, 6, 'N', 'L4', '2024-11-22'),
(22, 23, 7, 'Y', 'M3', '2024-10-01'),
(23, 20, 6, 'N', 'L5', '2024-11-23'),
(23, 24, 7, 'N', 'M4', '2024-10-02'),
(24, 25, 7, 'Y', 'M5', '2024-10-02'),
(25, 26, 7, 'Y', 'N1', '2024-10-03'),
(26, 27, 7, 'Y', 'N2', '2024-10-03'),
(27, 28, 7, 'Y', 'N3', '2024-10-04'),
(28, 29, 7, 'N', 'N4', '2024-10-04'),
(29, 30, 7, 'N', 'N5', '2024-10-05');

